x1,x2,x3,x4,x5,x6,x7,x8,x9,x10,x11,x12,x13,x14,x15,x16,x17,x18,x19,x20,x21,x22,x23,x24,x25,x26,x27,x28,x29,x30,x31,x32,x33,x34,x35,x36,x37,x38,x39,x40,x41,x42,x43,x44,x45,x46,x47,x48,x49,x50,x51,x52,x53,x54,x55,x56,x57,x58,x59,x60,x61,x62,x63,x64,x65,x66,y
0.7204506993293762,0.4422912895679474,0.7212269902229309,0.43273115158081055,0.7218751907348633,0.4327073395252228,0.7224072217941284,0.4327373504638672,0.7213497757911682,0.43181121349334717,0.7221792340278625,0.4311450719833374,0.7229028344154358,0.43044254183769226,0.7308341264724731,0.43418681621551514,0.7311796545982361,0.42969000339508057,0.7252290844917297,0.44899386167526245,0.7254322171211243,0.448286235332489,0.7557880878448486,0.49085190892219543,0.7532326579093933,0.47335919737815857,0.7606841325759888,0.5866226553916931,0.7542769312858582,0.5766521096229553,0.75019770860672,0.66941237449646,0.7471377849578857,0.6605756282806396,0.7506771087646484,0.6915999054908752,0.7486303448677063,0.6823852062225342,0.7474836707115173,0.689161479473114,0.748547375202179,0.6776669025421143,0.7473265528678894,0.6810198426246643,0.7479238510131836,0.6703569889068604,0.7759616374969482,0.64628666639328,0.7721883058547974,0.6411237716674805,0.7692722082138062,0.7712377309799194,0.7622836828231812,0.754432737827301,0.7657942771911621,0.8863878846168518,0.7640088200569153,0.8628642559051514,0.7658306360244751,0.896247148513794,0.7638980746269226,0.8895826935768127,0.7340928316116333,0.8915525078773499,0.7336335778236389,0.8805286884307861,0.0
0.720440149307251,0.4438464045524597,0.7212327718734741,0.43375080823898315,0.7218779921531677,0.4335602819919586,0.7224113345146179,0.43342992663383484,0.7213565111160278,0.43288153409957886,0.7221816778182983,0.43207424879074097,0.7229067087173462,0.4312340021133423,0.7313814163208008,0.4347127676010132,0.7315937280654907,0.4306109547615051,0.7252291440963745,0.45105552673339844,0.725448727607727,0.45076388120651245,0.7567039132118225,0.49291104078292847,0.7545418739318848,0.4729873836040497,0.7617514133453369,0.5873020887374878,0.7536942958831787,0.5438830256462097,0.7500970363616943,0.6704256534576416,0.7468922734260559,0.5763120055198669,0.7501903772354126,0.6916078925132751,0.7470017075538635,0.5822567343711853,0.7472654581069946,0.6892247796058655,0.7435653805732727,0.5806192755699158,0.7471699118614197,0.6812666654586792,0.7431880235671997,0.5801365971565247,0.7733818292617798,0.6519554257392883,0.7704043388366699,0.642666220664978,0.7688440680503845,0.7724673748016357,0.7632523775100708,0.7569918036460876,0.766592264175415,0.8911306262016296,0.7642379999160767,0.8639789819717407,0.7724190950393677,0.9107587337493896,0.7679149508476257,0.8863652944564819,0.736129879951477,0.9046571850776672,0.7351818680763245,0.8802486062049866,0.0
0.720423698425293,0.44492244720458984,0.7211939096450806,0.4344240427017212,0.7218270897865295,0.43406203389167786,0.7223557233810425,0.4337805509567261,0.7213425040245056,0.43366220593452454,0.7221654057502747,0.43276408314704895,0.7228988409042358,0.43183329701423645,0.7313798666000366,0.43475767970085144,0.7317918539047241,0.43089455366134644,0.7252652645111084,0.45230016112327576,0.7255502343177795,0.452144980430603,0.7566908001899719,0.4929080307483673,0.7554441094398499,0.47305867075920105,0.761686384677887,0.5873376727104187,0.7532430291175842,0.5491471886634827,0.7502113580703735,0.6731255054473877,0.7404010891914368,0.5814695358276367,0.750194251537323,0.6929606199264526,0.7378431558609009,0.5889908671379089,0.7473870515823364,0.6916579008102417,0.7329949736595154,0.5879915356636047,0.7474009990692139,0.6843830943107605,0.733486533164978,0.5867083072662354,0.7713151574134827,0.6534828543663025,0.7701320052146912,0.643621027469635,0.767889142036438,0.7742122411727905,0.7640725374221802,0.7606393694877625,0.7671437859535217,0.8952713012695312,0.7659713625907898,0.8649166226387024,0.7737922668457031,0.9174010753631592,0.7716281414031982,0.8865143060684204,0.7372554540634155,0.9093961119651794,0.7386267185211182,0.8793630003929138,0.0
0.7205438017845154,0.4468468725681305,0.7213035821914673,0.43569934368133545,0.7219365835189819,0.43520867824554443,0.72248375415802,0.43477800488471985,0.7214569449424744,0.4350104331970215,0.7222751379013062,0.4340440630912781,0.723026692867279,0.4330255687236786,0.7316895127296448,0.435346782207489,0.732203483581543,0.43179264664649963,0.7255578637123108,0.454496294260025,0.725822389125824,0.4542860984802246,0.7566766142845154,0.49344319105148315,0.7557947039604187,0.47305986285209656,0.7616605162620544,0.5885815620422363,0.7520660161972046,0.5425195097923279,0.7507926225662231,0.6766059398651123,0.7395725250244141,0.5732187032699585,0.750316858291626,0.6959581971168518,0.737172544002533,0.5793141722679138,0.7478317618370056,0.6950920224189758,0.7322970032691956,0.578092098236084,0.748146116733551,0.6879187226295471,0.7325902581214905,0.57761150598526,0.770435631275177,0.6541591286659241,0.769548237323761,0.6442246437072754,0.7677299976348877,0.7755205035209656,0.7642046213150024,0.7622568607330322,0.7678545713424683,0.8979650735855103,0.7682250738143921,0.8677189350128174,0.7742409706115723,0.9196737408638,0.774562656879425,0.8866503238677979,0.7384092807769775,0.9125869870185852,0.7418869733810425,0.8815653324127197,0.0
0.7208448052406311,0.4477900266647339,0.7215416431427002,0.43647393584251404,0.7221637964248657,0.43591585755348206,0.7227212190628052,0.43538424372673035,0.7216469049453735,0.4358450770378113,0.7224146723747253,0.43487051129341125,0.7231425046920776,0.4338167905807495,0.7320252060890198,0.43557700514793396,0.7324646711349487,0.4323517680168152,0.7259858250617981,0.45534801483154297,0.7261964678764343,0.45515498518943787,0.7569862604141235,0.49341103434562683,0.7564694881439209,0.47331154346466064,0.7625185251235962,0.5886364579200745,0.750679612159729,0.5249747037887573,0.752793550491333,0.6793391704559326,0.737113356590271,0.5356367230415344,0.7521582245826721,0.6991954445838928,0.7346448302268982,0.5363733768463135,0.7496868968009949,0.6985251903533936,0.7295311689376831,0.534493088722229,0.7499679327011108,0.6916203498840332,0.7295406460762024,0.5364635586738586,0.7704961895942688,0.6538185477256775,0.7693371176719666,0.6443989276885986,0.7677792310714722,0.7768275737762451,0.7646963596343994,0.762775182723999,0.7691783308982849,0.8984721899032593,0.7693660259246826,0.8681445717811584,0.7754082083702087,0.9194102883338928,0.7789568305015564,0.8840606212615967,0.7391664981842041,0.9127254486083984,0.742542028427124,0.8819406628608704,0.0
0.7212595343589783,0.44880199432373047,0.7218821048736572,0.4368954598903656,0.7224799394607544,0.43627747893333435,0.7230331301689148,0.43567535281181335,0.7219929099082947,0.4363473057746887,0.7227205038070679,0.4353688061237335,0.7234385013580322,0.4342975318431854,0.7323542833328247,0.4356304407119751,0.7327753305435181,0.432721883058548,0.7264264822006226,0.4566859304904938,0.7266223430633545,0.4565562307834625,0.757116436958313,0.4927229583263397,0.7584049105644226,0.4740395247936249,0.762653648853302,0.5885060429573059,0.7505508065223694,0.5219883918762207,0.7534499764442444,0.6801029443740845,0.7367196679115295,0.5264665484428406,0.7527907490730286,0.7007574439048767,0.7342865467071533,0.5255820751190186,0.7506327629089355,0.7006174921989441,0.7292152047157288,0.5231058597564697,0.750921368598938,0.6932485699653625,0.7292176485061646,0.5255618691444397,0.7688428163528442,0.6537399888038635,0.7692197561264038,0.6451576352119446,0.7677899599075317,0.7785651683807373,0.7652691006660461,0.7669603228569031,0.7695779800415039,0.9004877209663391,0.7705143690109253,0.8707174062728882,0.7756232023239136,0.9205925464630127,0.7781982421875,0.8860288858413696,0.7393617033958435,0.9144678711891174,0.7443767786026001,0.8850162029266357,0.0
0.7213240265846252,0.44902288913726807,0.7219579219818115,0.4369429349899292,0.7225533723831177,0.4362931251525879,0.7231186032295227,0.4356662929058075,0.7220690250396729,0.43648701906204224,0.7227793335914612,0.43553426861763,0.7234922051429749,0.4344733953475952,0.7324115633964539,0.43554574251174927,0.7327806949615479,0.4328194558620453,0.7264901399612427,0.45672082901000977,0.7266837358474731,0.4567362666130066,0.7583772540092468,0.48993510007858276,0.7582557201385498,0.47662800550460815,0.7634298205375671,0.586162805557251,0.7528310418128967,0.5564000606536865,0.7550751566886902,0.6801126003265381,0.7420424222946167,0.6138888597488403,0.7540256977081299,0.7010539770126343,0.7392053604125977,0.6279140114784241,0.7516577839851379,0.7005570530891418,0.7331284284591675,0.6296072602272034,0.752093493938446,0.6930024027824402,0.7351333498954773,0.624644935131073,0.7689391374588013,0.6534286141395569,0.769037127494812,0.6453432440757751,0.7682526707649231,0.7784429788589478,0.7679193615913391,0.7698244452476501,0.7698842287063599,0.9007552862167358,0.7741584181785583,0.8731935024261475,0.7756288051605225,0.9211965203285217,0.7819246649742126,0.8893012404441833,0.7396891713142395,0.9175866842269897,0.7487770318984985,0.88998943567276,0.0
0.7219716906547546,0.4490746259689331,0.7225619554519653,0.4370046555995941,0.7231324315071106,0.4363332688808441,0.7236905694007874,0.4356822669506073,0.7227340936660767,0.4365873634815216,0.723442792892456,0.435640424489975,0.7241600751876831,0.43457499146461487,0.7329306602478027,0.4355430603027344,0.7333190441131592,0.432917982339859,0.7271358370780945,0.4566664397716522,0.7273656129837036,0.45672324299812317,0.7589693665504456,0.48958829045295715,0.7598758935928345,0.4765181541442871,0.7643411159515381,0.5861959457397461,0.7539500594139099,0.5412593483924866,0.7558866143226624,0.681393563747406,0.7423635721206665,0.5635406970977783,0.75472491979599,0.7028968334197998,0.7393980026245117,0.5681191086769104,0.7522172927856445,0.7021000385284424,0.7342712879180908,0.5659031271934509,0.7526912093162537,0.6945837140083313,0.7356458902359009,0.5658751130104065,0.768316388130188,0.6541397571563721,0.7703031897544861,0.6474064588546753,0.7682794332504272,0.7790010571479797,0.7714738845825195,0.7720292806625366,0.7699793577194214,0.9014266729354858,0.7814738750457764,0.8754844665527344,0.7760134935379028,0.9211507439613342,0.7927618026733398,0.8950551748275757,0.7399025559425354,0.9212461113929749,0.755173921585083,0.8953489661216736,0.0
0.7223953008651733,0.4489923417568207,0.7229534387588501,0.4369913339614868,0.7235056757926941,0.43632104992866516,0.7240573167800903,0.4356706440448761,0.7231413722038269,0.4365912675857544,0.7238246202468872,0.43565690517425537,0.7245079278945923,0.434603214263916,0.7330498099327087,0.4355264902114868,0.7334313988685608,0.432981938123703,0.7275810837745667,0.4565226435661316,0.7277535796165466,0.4565797746181488,0.7596669793128967,0.4887612462043762,0.7595090270042419,0.476854145526886,0.765134871006012,0.5858859419822693,0.7542889714241028,0.5411560535430908,0.7566041946411133,0.6813159584999084,0.7431055307388306,0.5653532147407532,0.7556143403053284,0.7034526467323303,0.7401489019393921,0.5712323188781738,0.7527899742126465,0.703076958656311,0.7344294190406799,0.5683653354644775,0.753116250038147,0.6954403519630432,0.7358156442642212,0.5676739811897278,0.7681111693382263,0.6542887091636658,0.770320475101471,0.6481758952140808,0.7682820558547974,0.7791383862495422,0.7719879746437073,0.7723966836929321,0.7698758244514465,0.9019868969917297,0.7840142846107483,0.875552773475647,0.7758976221084595,0.9216206073760986,0.7947925329208374,0.8962439894676208,0.7397304773330688,0.9245124459266663,0.7568320631980896,0.8981932997703552,0.0
0.7231082320213318,0.4489133656024933,0.7237411737442017,0.4370061159133911,0.7242588996887207,0.4363340437412262,0.7247644662857056,0.4356766641139984,0.7239963412284851,0.43663111329078674,0.7246886491775513,0.43571242690086365,0.72538822889328,0.4346655011177063,0.7336463332176208,0.43555834889411926,0.7341785430908203,0.43319785594940186,0.7282472848892212,0.4565174877643585,0.7284757494926453,0.4566519856452942,0.7598822116851807,0.4888290464878082,0.760364830493927,0.4769343435764313,0.7658056616783142,0.5857080817222595,0.7551724910736084,0.5415745377540588,0.7567590475082397,0.6818919777870178,0.7431294918060303,0.5704641938209534,0.7556663751602173,0.7045094966888428,0.7402622103691101,0.5776187777519226,0.7527827024459839,0.7042791247367859,0.7350654006004333,0.5752578973770142,0.7531358003616333,0.696675717830658,0.73607337474823,0.5740939974784851,0.7669171094894409,0.6553100943565369,0.7703570127487183,0.6494720578193665,0.7682280540466309,0.7791528701782227,0.7733725309371948,0.7727176547050476,0.7698015570640564,0.9040974974632263,0.7882153391838074,0.8763722777366638,0.7759727239608765,0.9236493706703186,0.7985168099403381,0.8975008130073547,0.7396166324615479,0.9263532757759094,0.7611628770828247,0.8986217379570007,0.0
0.7238379716873169,0.4486507177352905,0.7248154878616333,0.43686726689338684,0.725310742855072,0.4362203776836395,0.7258028984069824,0.43558165431022644,0.7251449823379517,0.4364781379699707,0.7258769273757935,0.43556901812553406,0.7266429662704468,0.43452775478363037,0.7346823811531067,0.4355914294719696,0.7354347109794617,0.43323296308517456,0.7287461757659912,0.456440806388855,0.729028046131134,0.4565529525279999,0.7599042654037476,0.4898386299610138,0.7610853314399719,0.47689151763916016,0.7668513059616089,0.5857252478599548,0.753639817237854,0.5055530071258545,0.75719153881073,0.6818760633468628,0.7377206087112427,0.5035753846168518,0.7560282945632935,0.7044158577919006,0.7345298528671265,0.5010571479797363,0.7530473470687866,0.7043011784553528,0.7304855585098267,0.5007715821266174,0.7535010576248169,0.6967294216156006,0.7306722402572632,0.5040625929832458,0.7660475373268127,0.6576429605484009,0.7707427144050598,0.6512032151222229,0.7682241201400757,0.779722273349762,0.7741215825080872,0.7728255987167358,0.7694331407546997,0.9055137634277344,0.7910472750663757,0.8759382367134094,0.7759007215499878,0.9237663745880127,0.8001646995544434,0.8975942730903625,0.7394896149635315,0.9278583526611328,0.7649468779563904,0.8986507654190063,0.0
0.7251261472702026,0.44865110516548157,0.7264466285705566,0.43685004115104675,0.7270217537879944,0.43621253967285156,0.7276018857955933,0.4355587661266327,0.7265847325325012,0.43645480275154114,0.727270781993866,0.4355497658252716,0.7279986143112183,0.43451717495918274,0.7369414567947388,0.4355579614639282,0.7371832132339478,0.4332328140735626,0.7297530174255371,0.45677053928375244,0.7298912405967712,0.4569157660007477,0.7604532837867737,0.48984622955322266,0.7621973752975464,0.4780327081680298,0.7671784162521362,0.5857565402984619,0.7617399096488953,0.5645111203193665,0.7573117017745972,0.6820476055145264,0.754677414894104,0.6557662487030029,0.7559869289398193,0.7041789889335632,0.7529900670051575,0.679551362991333,0.7529624700546265,0.7040959000587463,0.7533143162727356,0.6781186461448669,0.7535003423690796,0.6967096328735352,0.7530540823936462,0.6703290939331055,0.766193151473999,0.6592233180999756,0.7711868286132812,0.6533843874931335,0.7685081362724304,0.7803661823272705,0.7748775482177734,0.7734289169311523,0.7691490054130554,0.9065819382667542,0.7928425073623657,0.8758333325386047,0.7761822938919067,0.923700749874115,0.8019025921821594,0.8971186280250549,0.7394300699234009,0.927777111530304,0.7669548988342285,0.8989461660385132,0.0
0.7257517576217651,0.44959670305252075,0.7270687818527222,0.4373520016670227,0.7276784777641296,0.4366399943828583,0.7283092737197876,0.4358762502670288,0.7271250486373901,0.4370274245738983,0.7277775406837463,0.4361043870449066,0.7284860014915466,0.4350278675556183,0.7374147176742554,0.4356013238430023,0.7375619411468506,0.4336516261100769,0.7303608655929565,0.4584278166294098,0.7303561568260193,0.4585234522819519,0.7606812715530396,0.4897495210170746,0.7634295225143433,0.47979089617729187,0.767190158367157,0.5854090452194214,0.7639318704605103,0.5747094750404358,0.757308840751648,0.6821072101593018,0.756888210773468,0.6657559871673584,0.7560972571372986,0.7039700150489807,0.7557164430618286,0.6906399726867676,0.753092885017395,0.7038676142692566,0.7564481496810913,0.6883625388145447,0.7536643743515015,0.6964578032493591,0.7562621235847473,0.6817923188209534,0.7664123773574829,0.6592826247215271,0.7717776298522949,0.6543809771537781,0.768684983253479,0.781140148639679,0.775165319442749,0.7738500237464905,0.7685190439224243,0.9075317978858948,0.7927526831626892,0.8754775524139404,0.7758908867835999,0.9248342514038086,0.8026769757270813,0.8968105316162109,0.7387588620185852,0.9273574948310852,0.7658381462097168,0.8985806107521057,0.0
0.7264274954795837,0.4499952495098114,0.7276654839515686,0.4375721216201782,0.7282909154891968,0.4368303418159485,0.7289494276046753,0.4360118806362152,0.7276740074157715,0.4372903108596802,0.7282994985580444,0.4363696873188019,0.7289875745773315,0.43528077006340027,0.7380715608596802,0.4355648159980774,0.7380176186561584,0.4337579011917114,0.731045126914978,0.45910799503326416,0.7309662699699402,0.4592241942882538,0.7611938118934631,0.489315003156662,0.764098048210144,0.4808930456638336,0.767459511756897,0.5850492715835571,0.7651888132095337,0.5777404308319092,0.7571622729301453,0.6819936037063599,0.7568782567977905,0.666216254234314,0.7559975385665894,0.7038282155990601,0.7555862665176392,0.6916172504425049,0.753009557723999,0.7037010788917542,0.7563514113426208,0.691395103931427,0.7535618543624878,0.6962489485740662,0.7559378147125244,0.6830565333366394,0.7665690183639526,0.6608754992485046,0.7721685171127319,0.6567540764808655,0.7687625885009766,0.7833505868911743,0.7753521800041199,0.7759294509887695,0.7679327726364136,0.9088501334190369,0.7932752370834351,0.8765609264373779,0.775609016418457,0.9261118173599243,0.8028782606124878,0.8975409865379333,0.7387204170227051,0.9280827045440674,0.7656345367431641,0.8999351263046265,0.0
0.7269548177719116,0.45059412717819214,0.7281556725502014,0.43813708424568176,0.72879958152771,0.4373532235622406,0.7294866442680359,0.4364732503890991,0.7281392812728882,0.4379301071166992,0.7287546396255493,0.43701255321502686,0.7294384241104126,0.43590977787971497,0.7386584281921387,0.43572089076042175,0.7384151816368103,0.43426787853240967,0.7316524386405945,0.4599524438381195,0.7315306067466736,0.4600503146648407,0.7623852491378784,0.4893738925457001,0.7644110918045044,0.4819108247756958,0.7681150436401367,0.5850571393966675,0.7657885551452637,0.5778568387031555,0.7570972442626953,0.6820154786109924,0.7579860091209412,0.6652570962905884,0.7558990120887756,0.7037811875343323,0.7559269666671753,0.6895273923873901,0.7527674436569214,0.70354825258255,0.7558302283287048,0.6882507801055908,0.7534498572349548,0.696106493473053,0.7559458613395691,0.6824027895927429,0.7667345404624939,0.6605363488197327,0.7727317214012146,0.6563459634780884,0.7687861323356628,0.7832121253013611,0.7757774591445923,0.7761953473091125,0.7677367925643921,0.9082531332969666,0.793633759021759,0.876548707485199,0.7755300402641296,0.9256539940834045,0.8022825121879578,0.8974964022636414,0.7384613752365112,0.9275485873222351,0.7647783160209656,0.899480402469635,0.0
0.7282323241233826,0.45082178711891174,0.7293603420257568,0.43842145800590515,0.729973554611206,0.4376250207424164,0.730629563331604,0.4367218017578125,0.7294079065322876,0.4382500946521759,0.7300346493721008,0.43734467029571533,0.7307308912277222,0.4362580478191376,0.739926278591156,0.4360348880290985,0.7396532893180847,0.4348547160625458,0.7328646779060364,0.4603419303894043,0.7328422665596008,0.4604225158691406,0.7640739679336548,0.48953473567962646,0.7650009393692017,0.4827098548412323,0.7688516974449158,0.5851432681083679,0.7660855054855347,0.5782954692840576,0.7575808167457581,0.6818218231201172,0.7589967250823975,0.664291501045227,0.7559261918067932,0.7034822106361389,0.7563328742980957,0.6884311437606812,0.7527498602867126,0.7030349373817444,0.7558635473251343,0.6877852082252502,0.7534750699996948,0.695895791053772,0.7562693357467651,0.6804661750793457,0.767816424369812,0.6604244709014893,0.7735524773597717,0.6560080647468567,0.7691462635993958,0.7831025719642639,0.7760275602340698,0.7759197354316711,0.7675547003746033,0.9086822271347046,0.7937067747116089,0.8770126700401306,0.7752290964126587,0.9259347915649414,0.8017461895942688,0.89760822057724,0.7378979921340942,0.9276464581489563,0.7657182812690735,0.8992202877998352,0.0
0.7294103503227234,0.4507732093334198,0.7306826114654541,0.43840762972831726,0.731336236000061,0.43761375546455383,0.7320308089256287,0.43671557307243347,0.730627179145813,0.4382390081882477,0.7312243580818176,0.43733593821525574,0.731894314289093,0.4362463057041168,0.741561770439148,0.4360385239124298,0.7408922910690308,0.4348609745502472,0.7340552806854248,0.46026021242141724,0.7339802980422974,0.46031782031059265,0.7667868137359619,0.4901234805583954,0.7648552060127258,0.48280763626098633,0.7710072994232178,0.58514404296875,0.7656843066215515,0.5778834223747253,0.7581489086151123,0.6815453171730042,0.7581740617752075,0.6641883254051208,0.7562907338142395,0.702484667301178,0.7559749484062195,0.6892114281654358,0.753160297870636,0.7017848491668701,0.7552882432937622,0.6871715188026428,0.7539228200912476,0.6949849724769592,0.7557241916656494,0.6812770962715149,0.7712113857269287,0.6603327989578247,0.7737226486206055,0.6557013988494873,0.7701154351234436,0.7826818227767944,0.7765842080116272,0.7756311297416687,0.7678037285804749,0.9083330631256104,0.7949221730232239,0.877036452293396,0.7753217816352844,0.9256359338760376,0.8028257489204407,0.8974958658218384,0.7378658652305603,0.9278724193572998,0.7693045735359192,0.900600016117096,0.0
0.7308305501937866,0.4465809166431427,0.7323431372642517,0.43432357907295227,0.7330029010772705,0.43352586030960083,0.7337038516998291,0.43265560269355774,0.7324172258377075,0.43426263332366943,0.7331212162971497,0.4334477186203003,0.7338955998420715,0.43248727917671204,0.7438051700592041,0.43322184681892395,0.7436684966087341,0.43229857087135315,0.7357386946678162,0.4557722210884094,0.7359575033187866,0.4559340178966522,0.7687271237373352,0.48929885029792786,0.7683014273643494,0.48266705870628357,0.7735568881034851,0.5845049619674683,0.7725932002067566,0.5761398673057556,0.7593062520027161,0.679877519607544,0.7633451223373413,0.6634379029273987,0.7574917078018188,0.7002591490745544,0.7624145150184631,0.6876291632652283,0.7540254592895508,0.6998588442802429,0.7594757676124573,0.6866654753684998,0.7548456788063049,0.6934880018234253,0.7606338858604431,0.6796346306800842,0.7737957239151001,0.6590787172317505,0.7764872312545776,0.6549745202064514,0.7713963985443115,0.7804067730903625,0.780042290687561,0.7752548456192017,0.7686083316802979,0.9068899154663086,0.7977390885353088,0.8778064250946045,0.776391863822937,0.9244623184204102,0.8051894903182983,0.8992487192153931,0.73786461353302,0.9279239773750305,0.770824670791626,0.9004771709442139,0.0
0.7335621118545532,0.4418010711669922,0.7355469465255737,0.4297378659248352,0.736221969127655,0.42904937267303467,0.7368932962417603,0.42831486463546753,0.7357391715049744,0.42962199449539185,0.7365643978118896,0.42888545989990234,0.7374087572097778,0.4280627369880676,0.746761679649353,0.4296974837779999,0.7469737529754639,0.42883288860321045,0.7382848858833313,0.4511927366256714,0.738648533821106,0.4512593448162079,0.7712192535400391,0.48564988374710083,0.7698732614517212,0.48024865984916687,0.7771041989326477,0.5794210433959961,0.7736697793006897,0.5725608468055725,0.7608115673065186,0.674458920955658,0.7647612690925598,0.655083179473877,0.7590612173080444,0.6952705979347229,0.7607067823410034,0.6629895567893982,0.7549554705619812,0.6947532296180725,0.7596905827522278,0.6758678555488586,0.7557566165924072,0.6886271834373474,0.7607223391532898,0.66971755027771,0.7751762270927429,0.6527321934700012,0.7778737545013428,0.6507063508033752,0.7732755541801453,0.7752100229263306,0.7806264162063599,0.7714905142784119,0.7690508365631104,0.9037595391273499,0.7970530390739441,0.8777170777320862,0.7768996953964233,0.9210493564605713,0.8043419122695923,0.8990951180458069,0.7379245758056641,0.9278091788291931,0.7694392800331116,0.9002204537391663,0.0
0.7355749607086182,0.43978822231292725,0.7378020882606506,0.42752745747566223,0.7384770512580872,0.426775723695755,0.7391681671142578,0.4259450137615204,0.7380691170692444,0.42750978469848633,0.7389532327651978,0.42675989866256714,0.7398358583450317,0.42590418457984924,0.7492059469223022,0.4273409843444824,0.7492715120315552,0.42663678526878357,0.7401884198188782,0.4493738114833832,0.7405140399932861,0.4494275748729706,0.7733667492866516,0.4830358624458313,0.7705298662185669,0.47972428798675537,0.7803528904914856,0.5742954611778259,0.7752454280853271,0.5716053247451782,0.7622268795967102,0.6658273339271545,0.7640082836151123,0.6556347608566284,0.7605242729187012,0.6890812516212463,0.7610338926315308,0.678224503993988,0.755864143371582,0.6896624565124512,0.7586668729782104,0.6811986565589905,0.7565574645996094,0.6829113960266113,0.7602793574333191,0.6735361218452454,0.7766164541244507,0.6493688225746155,0.7779303789138794,0.648946225643158,0.7742182016372681,0.7732978463172913,0.7809056043624878,0.7702487707138062,0.7697616815567017,0.9017050266265869,0.7973592877388,0.8776939511299133,0.777967631816864,0.919059693813324,0.804101288318634,0.8989875912666321,0.7389692664146423,0.9275747537612915,0.7692936658859253,0.8999986052513123,0.0
0.7370593547821045,0.4396498501300812,0.7390565872192383,0.4272744357585907,0.7397156357765198,0.42647838592529297,0.7403760552406311,0.4255850613117218,0.7393267154693604,0.4271998703479767,0.7401813864707947,0.4263654053211212,0.7410272359848022,0.4253910779953003,0.7505701184272766,0.4265103042125702,0.7504593729972839,0.4255722761154175,0.7420334815979004,0.44931384921073914,0.7422608733177185,0.44920778274536133,0.7754237651824951,0.4814407229423523,0.771649181842804,0.4783087968826294,0.7822257280349731,0.5706539750099182,0.7761949896812439,0.5667538642883301,0.7643564343452454,0.6589220762252808,0.7657461166381836,0.6528381705284119,0.7626436948776245,0.6840428113937378,0.7620187997817993,0.6764307618141174,0.7578235268592834,0.6847694516181946,0.7596835494041443,0.6788418292999268,0.758385181427002,0.6777196526527405,0.761142373085022,0.6711296439170837,0.7785139083862305,0.6473097205162048,0.7786341905593872,0.6471558809280396,0.7756791710853577,0.7709518671035767,0.7820525765419006,0.767707884311676,0.770708441734314,0.9009033441543579,0.7995034456253052,0.877163290977478,0.7787202596664429,0.9188576340675354,0.8056653738021851,0.8988544344902039,0.7393797039985657,0.9271711707115173,0.7730313539505005,0.8986755609512329,0.0
0.7393392324447632,0.43958404660224915,0.7410409450531006,0.4274296760559082,0.7417029142379761,0.42665526270866394,0.742376446723938,0.42578771710395813,0.7413545846939087,0.427350252866745,0.7422252297401428,0.4265311360359192,0.7430859804153442,0.42557385563850403,0.7523400783538818,0.42625758051872253,0.7521744966506958,0.42543619871139526,0.7447369694709778,0.44902220368385315,0.7449561357498169,0.44885551929473877,0.7773703932762146,0.47868767380714417,0.7740253210067749,0.4763243496417999,0.7834654450416565,0.5681828260421753,0.7778524160385132,0.5646474957466125,0.7665728330612183,0.6568344235420227,0.7670549750328064,0.651445209980011,0.764613926410675,0.6824124455451965,0.7610548734664917,0.6786630153656006,0.7596882581710815,0.6827816367149353,0.7603176832199097,0.678673505783081,0.7601054906845093,0.6756412386894226,0.7625033259391785,0.6714504361152649,0.7804899215698242,0.6455299854278564,0.7804797291755676,0.6453139781951904,0.7766637206077576,0.7687427997589111,0.7830579876899719,0.7664640545845032,0.7713941335678101,0.8996855020523071,0.8008999824523926,0.8766971230506897,0.7792712450027466,0.9183671474456787,0.8069337010383606,0.8985967040061951,0.7400607466697693,0.9268030524253845,0.774478554725647,0.89743572473526,0.0
0.7402891516685486,0.43811437487602234,0.7418261766433716,0.42599037289619446,0.7424731850624084,0.42522183060646057,0.7431721687316895,0.42436516284942627,0.7421542406082153,0.4259088635444641,0.7430027723312378,0.4250989258289337,0.7438970804214478,0.42416316270828247,0.7533456087112427,0.4245073199272156,0.7534006834030151,0.4238647222518921,0.745807409286499,0.4477502107620239,0.7460793256759644,0.4476216435432434,0.7788748741149902,0.4764672517776489,0.7760671377182007,0.47423574328422546,0.7855579257011414,0.5663074851036072,0.7799750566482544,0.5626327991485596,0.7678350210189819,0.6544924378395081,0.768657922744751,0.6505307555198669,0.7658497095108032,0.6800830364227295,0.7644222378730774,0.6763202548027039,0.7607811689376831,0.6804728507995605,0.7611780166625977,0.6780232191085815,0.7612003684043884,0.6732812523841858,0.7634450197219849,0.6700296401977539,0.7814977765083313,0.6449629664421082,0.7825002670288086,0.6446710228919983,0.7781230807304382,0.7684221267700195,0.784125030040741,0.7658908367156982,0.773043692111969,0.899320662021637,0.8012396693229675,0.8765973448753357,0.7803086042404175,0.918184220790863,0.807614803314209,0.898445725440979,0.7413114309310913,0.9251659512519836,0.774594247341156,0.8962550759315491,0.0
0.7460857033729553,0.43828174471855164,0.7477567195892334,0.42601296305656433,0.7484464049339294,0.425235778093338,0.7490987181663513,0.42435362935066223,0.7479950785636902,0.42586424946784973,0.7488051056861877,0.4250023663043976,0.749559760093689,0.4240109622478485,0.7587059736251831,0.42403286695480347,0.758139967918396,0.4233856499195099,0.7517298460006714,0.4475560486316681,0.7517122030258179,0.447385311126709,0.781091570854187,0.4746767282485962,0.777466893196106,0.47423332929611206,0.7872484922409058,0.5642909407615662,0.7798735499382019,0.5625425577163696,0.7697784304618835,0.6505615711212158,0.7704448103904724,0.6481062173843384,0.7679616212844849,0.6763450503349304,0.7670356035232544,0.6747431755065918,0.7628680467605591,0.6769863367080688,0.764503002166748,0.6765678524971008,0.7635427117347717,0.6693437695503235,0.7658936381340027,0.6689229607582092,0.7829266786575317,0.6439160704612732,0.7839863896369934,0.6440718173980713,0.7791356444358826,0.766937792301178,0.7857952117919922,0.7650161981582642,0.7746795415878296,0.8969454169273376,0.8020270466804504,0.8763418197631836,0.7811927199363708,0.9165391325950623,0.8079648017883301,0.8982753753662109,0.7426487803459167,0.9232786297798157,0.77506422996521,0.8961333632469177,0.0
0.7467890381813049,0.4359264373779297,0.748379111289978,0.4233732223510742,0.7490729093551636,0.42255470156669617,0.7497676610946655,0.4216335117816925,0.7485436201095581,0.42337295413017273,0.7492934465408325,0.4225904643535614,0.749978244304657,0.4216970205307007,0.759629487991333,0.4215681254863739,0.7587145566940308,0.4213995039463043,0.7526160478591919,0.44524943828582764,0.752467155456543,0.44516676664352417,0.7832323908805847,0.47159281373023987,0.7766416668891907,0.47388818860054016,0.7895095348358154,0.5616369843482971,0.7788872718811035,0.5626149773597717,0.7717837691307068,0.6487069725990295,0.7704020142555237,0.6463924646377563,0.7693833112716675,0.6741505861282349,0.7673231959342957,0.67386394739151,0.764341413974762,0.6745350360870361,0.7648569941520691,0.6756600737571716,0.7651184797286987,0.6668717861175537,0.7662149667739868,0.6681773662567139,0.7846064567565918,0.6425848007202148,0.7835412621498108,0.6432015895843506,0.780214250087738,0.7650548815727234,0.7860828638076782,0.7636425495147705,0.7751404047012329,0.8957841396331787,0.802595317363739,0.8755123019218445,0.782365083694458,0.9152110815048218,0.8083001971244812,0.8975815176963806,0.742695689201355,0.9220331311225891,0.7753638029098511,0.8950939178466797,0.0
0.7467901110649109,0.43490517139434814,0.7481385469436646,0.4223653972148895,0.74876868724823,0.4216279685497284,0.7493960857391357,0.42082053422927856,0.7483288049697876,0.4223807454109192,0.7490386366844177,0.42167142033576965,0.7497233748435974,0.4208618402481079,0.7587801814079285,0.42121946811676025,0.7581101655960083,0.4210323393344879,0.7522250413894653,0.44464728236198425,0.7522013783454895,0.44464123249053955,0.7840606570243835,0.47147151827812195,0.7759971618652344,0.4736689329147339,0.7911497950553894,0.5607279539108276,0.7798174619674683,0.5609188675880432,0.7725329995155334,0.649138331413269,0.771872878074646,0.6450077891349792,0.7696755528450012,0.6742950677871704,0.7682993412017822,0.673789918422699,0.7647546529769897,0.674727201461792,0.7648175358772278,0.675222635269165,0.7655308246612549,0.6674055457115173,0.7669621109962463,0.6675785779953003,0.7849276661872864,0.6425161957740784,0.78335040807724,0.6428523063659668,0.7806689739227295,0.7645280957221985,0.7862457036972046,0.7629876732826233,0.7758985161781311,0.8948940634727478,0.8036599159240723,0.8750450015068054,0.7834638357162476,0.9147582650184631,0.810161292552948,0.8973737955093384,0.7434519529342651,0.9209787845611572,0.7761205434799194,0.8942455053329468,0.0
0.7481906414031982,0.4351634979248047,0.7490401268005371,0.4229150712490082,0.749650239944458,0.42219287157058716,0.7502657175064087,0.4213959574699402,0.7491667866706848,0.42290639877319336,0.749818742275238,0.42219141125679016,0.7504624724388123,0.4213747978210449,0.7596322894096375,0.4217500388622284,0.7587476968765259,0.42144232988357544,0.7535256147384644,0.4449678659439087,0.753373920917511,0.4448997378349304,0.7847390174865723,0.4709281623363495,0.7761123776435852,0.4727477729320526,0.7915560603141785,0.5610923171043396,0.7790940999984741,0.5598471760749817,0.7722033262252808,0.6482767462730408,0.7713669538497925,0.6435585618019104,0.769248366355896,0.6729878187179565,0.7684422731399536,0.6718614101409912,0.7645823955535889,0.673719584941864,0.7647508382797241,0.6734346151351929,0.7655519247055054,0.6664981842041016,0.7670894265174866,0.6649088263511658,0.7850888967514038,0.6415166854858398,0.7839021682739258,0.6419148445129395,0.7809767127037048,0.7629350423812866,0.7866445183753967,0.7609042525291443,0.7756984233856201,0.8922910094261169,0.8037904500961304,0.8720642328262329,0.7830002307891846,0.9126935601234436,0.810261070728302,0.8952727913856506,0.743584156036377,0.918348491191864,0.7760528326034546,0.8924173712730408,0.0
0.7475394010543823,0.4354206323623657,0.7485291361808777,0.422860711812973,0.7491245865821838,0.42211878299713135,0.749732255935669,0.4212959110736847,0.7487080097198486,0.42277517914772034,0.7493628263473511,0.42200085520744324,0.7500256299972534,0.4211163818836212,0.758757472038269,0.4210413992404938,0.7583728432655334,0.4205178916454315,0.7527531385421753,0.44498518109321594,0.7527056932449341,0.44495251774787903,0.7839292287826538,0.4699466824531555,0.7778649926185608,0.47053682804107666,0.7919110059738159,0.5583552718162537,0.7796304225921631,0.5605190396308899,0.7728323340415955,0.6458821296691895,0.7719303965568542,0.6427204608917236,0.770171046257019,0.6711337566375732,0.7697603702545166,0.670692503452301,0.7654456496238708,0.6721464395523071,0.7657982110977173,0.6717517375946045,0.7662438154220581,0.6652526259422302,0.7681173086166382,0.6630716919898987,0.785118043422699,0.6389322876930237,0.7858588099479675,0.6392815113067627,0.7815548777580261,0.7600570917129517,0.78654944896698,0.7568798661231995,0.7786628007888794,0.8853622078895569,0.8033138513565063,0.8664475083351135,0.7869149446487427,0.9100345969200134,0.8097026944160461,0.8891239166259766,0.7443779706954956,0.9143001437187195,0.7756170034408569,0.8871357440948486,0.0
0.7490419149398804,0.4357137680053711,0.7499116659164429,0.4231731593608856,0.7504676580429077,0.42244255542755127,0.7510082721710205,0.4216214120388031,0.7500924468040466,0.4230833947658539,0.7507208585739136,0.4223123788833618,0.7513224482536316,0.42142054438591003,0.759494423866272,0.4210171401500702,0.7590113878250122,0.42062661051750183,0.7543972134590149,0.4450790286064148,0.7543466687202454,0.4451160728931427,0.7848509550094604,0.46836578845977783,0.7790334820747375,0.4699688255786896,0.7937414050102234,0.5561244487762451,0.7825136780738831,0.5579473972320557,0.7741279602050781,0.6442158222198486,0.7723592519760132,0.6419708728790283,0.7712553143501282,0.6689419150352478,0.769115686416626,0.6696658730506897,0.7665719389915466,0.6698145270347595,0.7661226391792297,0.6700174808502197,0.7674932479858398,0.6628956198692322,0.7679641246795654,0.6624504327774048,0.7865010499954224,0.6360752582550049,0.7870870232582092,0.6373395919799805,0.7820726633071899,0.7585344314575195,0.7867129445075989,0.755753755569458,0.7789536118507385,0.882795512676239,0.8038374781608582,0.8651720285415649,0.787461519241333,0.9082458019256592,0.8098219633102417,0.8885242938995361,0.7451344728469849,0.9124021530151367,0.7761795520782471,0.8870480060577393,0.0
0.7501563429832458,0.4342356026172638,0.7510274648666382,0.421515554189682,0.7515740990638733,0.42070072889328003,0.7520798444747925,0.4198290705680847,0.7512323260307312,0.4215022325515747,0.7518895864486694,0.4206986725330353,0.752497673034668,0.4197840392589569,0.7606806755065918,0.4185694754123688,0.7602611184120178,0.4182887077331543,0.7553980946540833,0.44263675808906555,0.7553525567054749,0.4429304897785187,0.785801112651825,0.4644157290458679,0.7789579033851624,0.46765804290771484,0.7943705320358276,0.552780270576477,0.7811328172683716,0.5580552220344543,0.7754167318344116,0.641420304775238,0.7718427181243896,0.6402525305747986,0.7737757563591003,0.6665073037147522,0.768513023853302,0.6678949594497681,0.7680867910385132,0.668364942073822,0.7656564712524414,0.6687574982643127,0.7687342762947083,0.66110759973526,0.7678616642951965,0.6590970754623413,0.7879423499107361,0.6339946985244751,0.787368893623352,0.6355237364768982,0.7823991179466248,0.7576044201850891,0.7864601612091064,0.7536734938621521,0.7792852520942688,0.881486713886261,0.8034892082214355,0.8626505136489868,0.786824107170105,0.9078567624092102,0.8095914125442505,0.8846942782402039,0.7451221942901611,0.908881425857544,0.7751178741455078,0.8850548267364502,0.0
0.7511958479881287,0.4342528283596039,0.7521766424179077,0.42160990834236145,0.7527409791946411,0.42073047161102295,0.7532851696014404,0.4197831153869629,0.7523930072784424,0.42161285877227783,0.7530881762504578,0.4207705557346344,0.7537583112716675,0.4198230504989624,0.7617841362953186,0.4179125130176544,0.7612829208374023,0.41793689131736755,0.7563358545303345,0.4423901438713074,0.7562726140022278,0.44265252351760864,0.7856053113937378,0.4628388583660126,0.7809402346611023,0.46472427248954773,0.7958431243896484,0.5497829914093018,0.7859562635421753,0.5512624979019165,0.7778907418251038,0.636124849319458,0.7750400900840759,0.6298839449882507,0.7762903571128845,0.6599010229110718,0.773160457611084,0.6564500331878662,0.7718030214309692,0.6603508591651917,0.7700101137161255,0.6568523049354553,0.7724442481994629,0.6535634398460388,0.7719509601593018,0.6498040556907654,0.788317084312439,0.6304345726966858,0.7886509299278259,0.6314618587493896,0.7830767631530762,0.7559224963188171,0.7867051362991333,0.751284658908844,0.7790229916572571,0.8833326101303101,0.8032748103141785,0.8625585436820984,0.7862317562103271,0.9073164463043213,0.8097829818725586,0.8840437531471252,0.7455495595932007,0.9072408080101013,0.7741219997406006,0.8850921392440796,0.0
0.7515284419059753,0.43319863080978394,0.7526102662086487,0.4208434224128723,0.753146767616272,0.419930636882782,0.7536534070968628,0.4189596474170685,0.7528474926948547,0.42080438137054443,0.7535415887832642,0.419900119304657,0.7542067766189575,0.4188936948776245,0.7618482708930969,0.41686108708381653,0.7614870667457581,0.416780024766922,0.7564669847488403,0.44081923365592957,0.7564687132835388,0.4410131275653839,0.7851839661598206,0.46067240834236145,0.7822481989860535,0.462729275226593,0.7962176203727722,0.5459875464439392,0.7844182848930359,0.5420539379119873,0.7791852355003357,0.6328017711639404,0.7722811698913574,0.5856395959854126,0.7777880430221558,0.6574223637580872,0.77007657289505,0.5992529988288879,0.7735209465026855,0.6583336591720581,0.7645072340965271,0.5972986817359924,0.7740551829338074,0.6512973308563232,0.7655006647109985,0.5925847291946411,0.7878910899162292,0.6293909549713135,0.7900705337524414,0.6302326917648315,0.7837207317352295,0.7546097040176392,0.7867943644523621,0.750309944152832,0.7786829471588135,0.8843935132026672,0.8031231760978699,0.8625763058662415,0.7863941788673401,0.9074985980987549,0.8100091218948364,0.8831468224525452,0.7454860806465149,0.905402421951294,0.7731574773788452,0.8827593326568604,0.0
0.7514643669128418,0.4314030706882477,0.752526044845581,0.41923028230667114,0.7530730962753296,0.41825684905052185,0.7535923719406128,0.41723889112472534,0.7527457475662231,0.4193156957626343,0.7534371614456177,0.4184335768222809,0.7541098594665527,0.41743555665016174,0.7618972063064575,0.4153093993663788,0.7616313695907593,0.4154283404350281,0.7564431428909302,0.43869349360466003,0.7564087510108948,0.43905237317085266,0.7850896120071411,0.45902183651924133,0.7831145524978638,0.4609573185443878,0.7970010042190552,0.5454734563827515,0.7848752737045288,0.5421416163444519,0.7799658179283142,0.6327121257781982,0.7769680023193359,0.6053111553192139,0.7783805131912231,0.6562715172767639,0.7755614519119263,0.6259744167327881,0.7742573022842407,0.656682550907135,0.7721121907234192,0.6254968047142029,0.7748280763626099,0.6497794389724731,0.7722365260124207,0.6194171905517578,0.7881768941879272,0.6285531520843506,0.7905036211013794,0.6287669539451599,0.7838161587715149,0.7538177967071533,0.7871893644332886,0.7491514086723328,0.7785972952842712,0.8849607706069946,0.8018125295639038,0.8614264130592346,0.7868210673332214,0.9074054956436157,0.8099788427352905,0.8824300169944763,0.7454295754432678,0.9048876166343689,0.7707151770591736,0.8809252381324768,0.0
0.7521547675132751,0.4317930042743683,0.7531305551528931,0.41954943537712097,0.7536431550979614,0.41858866810798645,0.7541300654411316,0.41758301854133606,0.7534530162811279,0.4196105897426605,0.7542153596878052,0.41871899366378784,0.7549917101860046,0.4177100956439972,0.762336790561676,0.4157390594482422,0.7626599073410034,0.41574180126190186,0.7569835782051086,0.4392663240432739,0.7570501565933228,0.4395664930343628,0.7849335670471191,0.4598870277404785,0.7846271991729736,0.461272269487381,0.7968104481697083,0.5447035431861877,0.7828080058097839,0.5161166787147522,0.7813146114349365,0.6331391334533691,0.7685588002204895,0.5276145935058594,0.7806509733200073,0.6572306156158447,0.7664515972137451,0.5318120121955872,0.7764126658439636,0.657538652420044,0.7608261704444885,0.5276856422424316,0.7761822938919067,0.6507390737533569,0.760900616645813,0.5270957350730896,0.7879775166511536,0.6279990673065186,0.7920595407485962,0.6285492777824402,0.7839823961257935,0.7539379596710205,0.7876492738723755,0.7497613430023193,0.7799986600875854,0.8853397965431213,0.8010236620903015,0.861942708492279,0.7892130017280579,0.9075480103492737,0.8099641799926758,0.8827137351036072,0.7462343573570251,0.9046716094017029,0.7691309452056885,0.8801780343055725,0.0
0.752531886100769,0.4319203495979309,0.7533472776412964,0.41980287432670593,0.7538365721702576,0.4188251495361328,0.7543104290962219,0.41777896881103516,0.7537120580673218,0.4198160171508789,0.7544814944267273,0.41888853907585144,0.7552863359451294,0.417831152677536,0.76247239112854,0.4160456359386444,0.7631402611732483,0.4160381555557251,0.7572173476219177,0.43956753611564636,0.7573888301849365,0.4398987591266632,0.7847579717636108,0.46016165614128113,0.7862778306007385,0.46093225479125977,0.7965722680091858,0.5454131960868835,0.78294837474823,0.5263414978981018,0.7823787331581116,0.6336165070533752,0.7661209106445312,0.5483411550521851,0.7819100618362427,0.6579276919364929,0.7632061839103699,0.5568257570266724,0.7775474190711975,0.6578945517539978,0.7573622465133667,0.5541399121284485,0.777068555355072,0.6510403752326965,0.7579918503761292,0.5517629384994507,0.7875068187713623,0.6283654570579529,0.7927232384681702,0.628728985786438,0.7842678427696228,0.7543277144432068,0.7879992723464966,0.7499501705169678,0.7811716198921204,0.8864225745201111,0.7995280623435974,0.8622799515724182,0.7906049489974976,0.9076123833656311,0.8080576658248901,0.8827190399169922,0.7476280927658081,0.9049391150474548,0.7670383453369141,0.8794735074043274,0.0
0.7527850866317749,0.43150922656059265,0.753768265247345,0.41963693499565125,0.754253625869751,0.4186632037162781,0.7547313570976257,0.41760751605033875,0.7540287375450134,0.4196833372116089,0.7547127604484558,0.41879165172576904,0.7554436922073364,0.41775667667388916,0.7626025080680847,0.4160521328449249,0.7629363536834717,0.41607826948165894,0.7572150826454163,0.43907707929611206,0.7572697401046753,0.4392572343349457,0.7862278819084167,0.4603870213031769,0.7860963344573975,0.461430162191391,0.7972987294197083,0.5459327101707458,0.7805047631263733,0.5277217030525208,0.7838191986083984,0.6336787939071655,0.7663987278938293,0.5778012871742249,0.7838808298110962,0.6578691005706787,0.7712291479110718,0.6189445853233337,0.7791702151298523,0.6576917171478271,0.7680348753929138,0.6168497204780579,0.7786955237388611,0.6506456732749939,0.7675839066505432,0.6165556907653809,0.7877584099769592,0.6287130117416382,0.7926157116889954,0.6287503838539124,0.7843014001846313,0.7527806758880615,0.7879819869995117,0.7486690282821655,0.7845973968505859,0.8866035342216492,0.799544632434845,0.8600590229034424,0.7924000024795532,0.9077643752098083,0.8072357177734375,0.8801776766777039,0.7496984004974365,0.9053563475608826,0.7671816349029541,0.877048671245575,0.0
0.7523924112319946,0.43138569593429565,0.753395676612854,0.41964930295944214,0.7538899183273315,0.41868117451667786,0.7543726563453674,0.4176226854324341,0.7536531686782837,0.419703871011734,0.7543329000473022,0.41882696747779846,0.7550534009933472,0.4177914559841156,0.7623653411865234,0.4161548912525177,0.7626609206199646,0.416120320558548,0.756902813911438,0.4389283061027527,0.7569538354873657,0.43909502029418945,0.7865672707557678,0.4607933759689331,0.7838608622550964,0.4616522490978241,0.7974931597709656,0.5464553236961365,0.7789956331253052,0.5282216668128967,0.7857547402381897,0.6337766051292419,0.766470730304718,0.5806032419204712,0.7850092649459839,0.6579586267471313,0.7722387313842773,0.630947470664978,0.7806006669998169,0.6562319993972778,0.7695437669754028,0.629195511341095,0.7803080677986145,0.649185836315155,0.7685554027557373,0.6196165084838867,0.7879883646965027,0.6290604472160339,0.7902201414108276,0.6291928887367249,0.7842097878456116,0.7522097229957581,0.7876119017601013,0.7483674883842468,0.7861851453781128,0.886532723903656,0.7973393797874451,0.8603630661964417,0.7936784029006958,0.9078783392906189,0.8034985661506653,0.8807631134986877,0.7510524392127991,0.9055454134941101,0.7664371728897095,0.87778240442276,0.0
0.752242922782898,0.4316216707229614,0.7531759142875671,0.4198926091194153,0.7536684274673462,0.41890019178390503,0.7541458010673523,0.4178280830383301,0.7534199357032776,0.41999807953834534,0.754088282585144,0.4191303253173828,0.7547993659973145,0.4181109368801117,0.7623306512832642,0.41628214716911316,0.7625993490219116,0.416227787733078,0.7567481398582458,0.43899059295654297,0.7567514181137085,0.4391227662563324,0.7863580584526062,0.46108338236808777,0.7823259234428406,0.46183326840400696,0.7971398830413818,0.5468260645866394,0.7790275812149048,0.5458804368972778,0.7857580184936523,0.6340336203575134,0.7686235308647156,0.625089704990387,0.7846843004226685,0.658113420009613,0.7734628915786743,0.6496562361717224,0.7804068326950073,0.6563367247581482,0.7717037200927734,0.6483655571937561,0.7802699208259583,0.6493788361549377,0.7717733383178711,0.6416054368019104,0.7879025340080261,0.6293192505836487,0.788948655128479,0.6294718980789185,0.7836726903915405,0.7519775032997131,0.787168025970459,0.7480464577674866,0.7855831980705261,0.8866201639175415,0.7960104942321777,0.8606238961219788,0.7933616042137146,0.9079620838165283,0.8005210757255554,0.8809225559234619,0.750973105430603,0.9061300158500671,0.7641795873641968,0.8781347274780273,0.0
0.7509320974349976,0.43265315890312195,0.7515416145324707,0.42055511474609375,0.752025306224823,0.4194721281528473,0.752490222454071,0.41828688979148865,0.7517970204353333,0.4206390678882599,0.7524576187133789,0.41968461871147156,0.7531441450119019,0.41858184337615967,0.7602344751358032,0.4163052439689636,0.7606118321418762,0.4163137376308441,0.7557040452957153,0.43979203701019287,0.7556549906730652,0.4398597478866577,0.7852996587753296,0.4612920880317688,0.7819753885269165,0.46208029985427856,0.7960571050643921,0.5466482639312744,0.779059112071991,0.5499143004417419,0.7853482961654663,0.6343541741371155,0.7690328359603882,0.6303996443748474,0.7847520709037781,0.6583964824676514,0.7738204598426819,0.6527682542800903,0.7800968885421753,0.6569629311561584,0.7724250555038452,0.6510959267616272,0.7799662351608276,0.6499791741371155,0.7724792957305908,0.642595112323761,0.7873409390449524,0.6296018362045288,0.7876014709472656,0.6294154524803162,0.7823589444160461,0.752255380153656,0.7849428057670593,0.7477071285247803,0.7856689095497131,0.8868215680122375,0.793561577796936,0.8608091473579407,0.7937085032463074,0.9092651009559631,0.7998160719871521,0.8812319040298462,0.7527875304222107,0.9062258005142212,0.7623473405838013,0.8782995343208313,0.0
0.7481444478034973,0.43304499983787537,0.7486634254455566,0.42087677121162415,0.7491568326950073,0.4197201728820801,0.7496179342269897,0.4184456169605255,0.7489478588104248,0.42098960280418396,0.7496141791343689,0.41998711228370667,0.7503072023391724,0.4188346862792969,0.7572645545005798,0.416424959897995,0.7576528191566467,0.41641056537628174,0.7531728744506836,0.4400191605091095,0.7530277371406555,0.44005128741264343,0.7839998006820679,0.460769921541214,0.7776172757148743,0.4624553620815277,0.7955182790756226,0.5464483499526978,0.7770451903343201,0.552245557308197,0.7846930027008057,0.6345877051353455,0.7688384056091309,0.6340387463569641,0.7840666174888611,0.6586489677429199,0.7731685638427734,0.6557502746582031,0.7793291211128235,0.6571794748306274,0.7704173922538757,0.6558912992477417,0.7792567610740662,0.6501034498214722,0.7721660137176514,0.6458660960197449,0.7856631278991699,0.6297433972358704,0.7823857069015503,0.6291665434837341,0.7811768651008606,0.752474844455719,0.7809144258499146,0.7479524612426758,0.7863897085189819,0.8868959546089172,0.7892842292785645,0.8619862198829651,0.7944813966751099,0.9093284606933594,0.7962621450424194,0.8827524781227112,0.7553061842918396,0.9068305492401123,0.7593640089035034,0.8785375952720642,0.0
0.7448177933692932,0.43376749753952026,0.7455838918685913,0.42120304703712463,0.7461841106414795,0.42001017928123474,0.7467781901359558,0.41867923736572266,0.7457629442214966,0.42134368419647217,0.7464673519134521,0.42032596468925476,0.7471879124641418,0.4191519618034363,0.7549673318862915,0.41651347279548645,0.7550593018531799,0.4164368510246277,0.750029981136322,0.4411206543445587,0.7497658729553223,0.44106772541999817,0.7826336622238159,0.46087220311164856,0.7721014618873596,0.4642801284790039,0.7934077382087708,0.5464085936546326,0.7715242505073547,0.5517849326133728,0.783661961555481,0.6355372071266174,0.7640523910522461,0.6278376579284668,0.783423900604248,0.6596554517745972,0.7668448686599731,0.6552003026008606,0.7781617045402527,0.6575618386268616,0.7624709606170654,0.6549608111381531,0.7779296636581421,0.6504555344581604,0.7667118906974792,0.6448991894721985,0.7833549380302429,0.6311145424842834,0.7764080762863159,0.6298201084136963,0.780089259147644,0.7554855346679688,0.7775918841362,0.7491769194602966,0.7867792844772339,0.8880504965782166,0.785959780216217,0.8634973764419556,0.7950085401535034,0.9106706380844116,0.7911799550056458,0.8846326470375061,0.7573081254959106,0.907719612121582,0.7573806643486023,0.8786618709564209,0.0
0.7419971227645874,0.4337439239025116,0.7431303262710571,0.4211769104003906,0.743820309638977,0.4199993908405304,0.7445562481880188,0.41868582367897034,0.7432522773742676,0.42133191227912903,0.7439637780189514,0.4203341603279114,0.7447372674942017,0.41917797923088074,0.7535015344619751,0.41658952832221985,0.7531368732452393,0.416521817445755,0.7471729516983032,0.44122475385665894,0.7467986345291138,0.44116076827049255,0.7792312502861023,0.4609246551990509,0.7695448398590088,0.46551981568336487,0.7909973859786987,0.5464754700660706,0.7692499160766602,0.5512486696243286,0.7810246348381042,0.6370325684547424,0.7630943059921265,0.635378897190094,0.7804390788078308,0.6605857610702515,0.7633669376373291,0.6564597487449646,0.7753103971481323,0.6585336923599243,0.7608916759490967,0.656710684299469,0.7750726342201233,0.6514747142791748,0.7632114887237549,0.647740364074707,0.7797824144363403,0.6324308514595032,0.7726148962974548,0.6304581165313721,0.7785846590995789,0.7586088180541992,0.7751373648643494,0.750352680683136,0.7870088815689087,0.8895794153213501,0.7836107015609741,0.863766074180603,0.7956344485282898,0.9130752682685852,0.7906422019004822,0.8839723467826843,0.758236289024353,0.9109229445457458,0.7550916075706482,0.8787198662757874,0.0
0.7395304441452026,0.4337027370929718,0.7408233880996704,0.42117202281951904,0.7414078116416931,0.4200160801410675,0.742023229598999,0.41872262954711914,0.7410951256752014,0.4213000237941742,0.7418224811553955,0.4203077256679535,0.7426137924194336,0.4191541373729706,0.7509908676147461,0.41662895679473877,0.7511482238769531,0.41657277941703796,0.7443197965621948,0.44125327467918396,0.7441562414169312,0.44120290875434875,0.7741923928260803,0.4609529674053192,0.7705124616622925,0.4655664563179016,0.787415087223053,0.546389639377594,0.7693672776222229,0.5354855060577393,0.7773902416229248,0.6385118365287781,0.7598282098770142,0.5667561888694763,0.7770758271217346,0.6617565751075745,0.7577080130577087,0.577383816242218,0.7722758650779724,0.6598129272460938,0.7533472776412964,0.5763049721717834,0.7719844579696655,0.6528792381286621,0.7542167901992798,0.5726028084754944,0.7745414972305298,0.6343430876731873,0.7736329436302185,0.6316883563995361,0.7772405743598938,0.7613115906715393,0.7750436663627625,0.7520202994346619,0.7881225943565369,0.889762818813324,0.7844861149787903,0.8649812936782837,0.7971185445785522,0.9132900238037109,0.7920452356338501,0.8837341666221619,0.7592496275901794,0.9109081625938416,0.7560248374938965,0.8802176117897034,0.0
0.7382230162620544,0.43330490589141846,0.7397362589836121,0.4208422601222992,0.7402625679969788,0.41976669430732727,0.7408139705657959,0.41855496168136597,0.7402510046958923,0.4208541214466095,0.741125226020813,0.4198594391345978,0.7420702576637268,0.4187104403972626,0.7494407892227173,0.41665002703666687,0.7504612803459167,0.41649773716926575,0.7427913546562195,0.4412194490432739,0.7429232597351074,0.44105109572410583,0.7719364166259766,0.46142980456352234,0.7715805768966675,0.46508893370628357,0.7848271131515503,0.5464560985565186,0.7691923379898071,0.5064259171485901,0.7753643989562988,0.6408704519271851,0.7548792362213135,0.5302542448043823,0.7750693559646606,0.663178026676178,0.7519360780715942,0.536613404750824,0.7706788182258606,0.6609872579574585,0.7474512457847595,0.5346759557723999,0.770362913608551,0.654145359992981,0.7477186918258667,0.5333553552627563,0.7742723226547241,0.637825608253479,0.7755144834518433,0.6321173310279846,0.7769590616226196,0.7628335952758789,0.7755430340766907,0.7530145049095154,0.7914657592773438,0.8899074792861938,0.7858167290687561,0.8653875589370728,0.8005021214485168,0.9134480953216553,0.7932649850845337,0.8831087350845337,0.7613385915756226,0.9117295742034912,0.7566959261894226,0.8802513480186462,0.0
0.7384461760520935,0.4338016211986542,0.7397770285606384,0.42122533917427063,0.7403026819229126,0.4201456308364868,0.7408319115638733,0.4189438819885254,0.7402904033660889,0.42129096388816833,0.7411677241325378,0.4203048050403595,0.742090106010437,0.4191690683364868,0.749069094657898,0.41715070605278015,0.7500594854354858,0.41704264283180237,0.7432805895805359,0.4417344927787781,0.743423342704773,0.4417341947555542,0.7728935480117798,0.4626340866088867,0.7715329527854919,0.4654451608657837,0.7853986024856567,0.5471847057342529,0.7679745554924011,0.5193853378295898,0.77460777759552,0.6429550647735596,0.7545782327651978,0.5637654662132263,0.774756669998169,0.66481614112854,0.7516884803771973,0.5799918174743652,0.7701787948608398,0.6628736257553101,0.7475259900093079,0.5784580707550049,0.7696548700332642,0.6556163430213928,0.7482773065567017,0.5735771656036377,0.7725626826286316,0.6391112804412842,0.7754148244857788,0.6335512399673462,0.7771704792976379,0.7632560729980469,0.7762085199356079,0.7539567947387695,0.7925039529800415,0.8909725546836853,0.7861940264701843,0.8664960861206055,0.8014708757400513,0.9139520525932312,0.7939538359642029,0.8834493160247803,0.7616227865219116,0.9128311276435852,0.7570523619651794,0.8808990716934204,0.0
0.7394673228263855,0.43434378504753113,0.740703284740448,0.42173489928245544,0.7412024140357971,0.4206876754760742,0.7416735887527466,0.4195270538330078,0.741176962852478,0.4217480719089508,0.7420029640197754,0.4207453727722168,0.7428601980209351,0.41959044337272644,0.7492955327033997,0.4177854359149933,0.7508214712142944,0.4175489544868469,0.7442828416824341,0.4422948658466339,0.7443807721138,0.4422192871570587,0.7706586122512817,0.4639677107334137,0.7734191417694092,0.46529972553253174,0.7829513549804688,0.5487914681434631,0.7683418393135071,0.48633891344070435,0.7720186710357666,0.6458795070648193,0.7504366040229797,0.4959540367126465,0.7731357216835022,0.667328953742981,0.7473397850990295,0.4970781207084656,0.7687419056892395,0.6667138338088989,0.7425414323806763,0.49545687437057495,0.7678871750831604,0.6595103144645691,0.7425190806388855,0.4968019425868988,0.7680877447128296,0.6393632888793945,0.7781767845153809,0.6349754929542542,0.777344286441803,0.7636909484863281,0.7766949534416199,0.755988359451294,0.7919518947601318,0.8934311270713806,0.7866851687431335,0.869425356388092,0.8006043434143066,0.9155873656272888,0.7941338419914246,0.8852670788764954,0.7611726522445679,0.9133543372154236,0.7574748992919922,0.8823619484901428,0.0
0.7400647401809692,0.4358314573764801,0.7412315011024475,0.4231245815753937,0.741720974445343,0.4221421182155609,0.7421775460243225,0.42106297612190247,0.7416961789131165,0.4230614900588989,0.7425187826156616,0.42204830050468445,0.7433711290359497,0.4209020733833313,0.7496862411499023,0.41934308409690857,0.7512058615684509,0.4190579354763031,0.7448552846908569,0.44365179538726807,0.744958758354187,0.4433816969394684,0.7715483903884888,0.4658937454223633,0.7732948064804077,0.46556881070137024,0.7833835482597351,0.5518184900283813,0.7687867879867554,0.5047596096992493,0.7720696926116943,0.6466535329818726,0.7521423101425171,0.5406056046485901,0.7729097008705139,0.6681260466575623,0.749102771282196,0.5508164763450623,0.7684476971626282,0.6677401065826416,0.744361400604248,0.5493980050086975,0.7676441073417664,0.6605162620544434,0.7448499202728271,0.5468137264251709,0.769973635673523,0.6415536403656006,0.7783046960830688,0.6386999487876892,0.7781379818916321,0.7658058404922485,0.776991069316864,0.7579271793365479,0.7928072214126587,0.8943698406219482,0.7869110107421875,0.8699190616607666,0.8006604313850403,0.9168381094932556,0.7943783402442932,0.8859117031097412,0.7618138194084167,0.9140688180923462,0.7576423287391663,0.8826819062232971,0.0
0.740444540977478,0.4382971525192261,0.7415534257888794,0.42514947056770325,0.7420487403869629,0.42409783601760864,0.7425130009651184,0.42294350266456604,0.741985023021698,0.42526400089263916,0.7428000569343567,0.42430445551872253,0.743648111820221,0.4232189357280731,0.7501040101051331,0.42084264755249023,0.75138920545578,0.42091551423072815,0.7452113628387451,0.44579610228538513,0.7453116774559021,0.44563618302345276,0.7746394872665405,0.46731579303741455,0.7703412771224976,0.4684229791164398,0.7840291857719421,0.5545715689659119,0.7666276097297668,0.5307632088661194,0.7726761698722839,0.6464947462081909,0.7574487924575806,0.6141394972801208,0.7732356786727905,0.6682620644569397,0.7494099736213684,0.6269574761390686,0.7684398889541626,0.6677828431129456,0.7514783143997192,0.6263653635978699,0.7676553130149841,0.6604628562927246,0.7530988454818726,0.6270110011100769,0.7724069952964783,0.6421225666999817,0.7768007516860962,0.6400365829467773,0.7802907228469849,0.7667726874351501,0.7771785259246826,0.7591260671615601,0.7938262224197388,0.8948588967323303,0.7869561314582825,0.8705812692642212,0.8014850616455078,0.917262613773346,0.7944988012313843,0.8861791491508484,0.7631356120109558,0.9153955578804016,0.7578562498092651,0.8832337856292725,0.0
0.7404856085777283,0.4388924837112427,0.7417576313018799,0.42549464106559753,0.7422848343849182,0.42444440722465515,0.7427814602851868,0.42328646779060364,0.7421519160270691,0.42562028765678406,0.7429816722869873,0.4246751070022583,0.7438428997993469,0.42359820008277893,0.750703752040863,0.4214266538619995,0.751792848110199,0.4214131534099579,0.7453905344009399,0.4464992582798004,0.7454968690872192,0.44636479020118713,0.7750790119171143,0.4685998260974884,0.77081298828125,0.46836069226264954,0.7843674421310425,0.5559925436973572,0.7661376595497131,0.49718722701072693,0.7726452350616455,0.6465141177177429,0.7524329423904419,0.5047124028205872,0.7732114195823669,0.6681886315345764,0.7483814358711243,0.5047414302825928,0.7684575319290161,0.6677006483078003,0.7455597519874573,0.5016292333602905,0.7676204442977905,0.6603237986564636,0.7456566095352173,0.5032680630683899,0.7724623084068298,0.6426365375518799,0.7768491506576538,0.6410384774208069,0.7827737331390381,0.7688165903091431,0.7788869738578796,0.7615020275115967,0.7945488095283508,0.8965270519256592,0.7876229882240295,0.8726966381072998,0.801772952079773,0.9186534881591797,0.7965904474258423,0.8881445527076721,0.7647807598114014,0.9156636595726013,0.7588946223258972,0.8839753866195679,0.0
0.7412084937095642,0.43948137760162354,0.7425792217254639,0.4258655607700348,0.7430928945541382,0.4248404800891876,0.7435916066169739,0.42369967699050903,0.7429893016815186,0.42598381638526917,0.7438123822212219,0.42506885528564453,0.7447091341018677,0.42400771379470825,0.7515530586242676,0.4222881495952606,0.7524659037590027,0.42212456464767456,0.7457703948020935,0.4473675787448883,0.74587082862854,0.4471730887889862,0.7756512761116028,0.469936728477478,0.7724420428276062,0.46839237213134766,0.7845786809921265,0.5574209094047546,0.7666562795639038,0.5044229030609131,0.7728627324104309,0.6463422179222107,0.7524375915527344,0.5254396200180054,0.7733222246170044,0.6681363582611084,0.7491010427474976,0.5301185250282288,0.7686094641685486,0.6677238941192627,0.7450386881828308,0.5275065898895264,0.767754316329956,0.6602815389633179,0.7451244592666626,0.5271838903427124,0.7727816700935364,0.6440699100494385,0.7780908346176147,0.6428223848342896,0.7843135595321655,0.7692235708236694,0.7805777788162231,0.7622683048248291,0.7957676649093628,0.8978540301322937,0.7887289524078369,0.874606192111969,0.8029783964157104,0.9197455048561096,0.7988541126251221,0.8894795775413513,0.7664626836776733,0.9158462285995483,0.759798526763916,0.8844165205955505,0.0
0.7429629564285278,0.44060656428337097,0.744343101978302,0.42687273025512695,0.7448555827140808,0.42586782574653625,0.7453553080558777,0.4247460663318634,0.7446416616439819,0.4270123541355133,0.7453998327255249,0.4261358976364136,0.7462215423583984,0.4251083433628082,0.7533395886421204,0.42362338304519653,0.7536746263504028,0.4234158396720886,0.7470929026603699,0.44859808683395386,0.7470771670341492,0.44840285181999207,0.7773691415786743,0.47120893001556396,0.7731543779373169,0.4686700105667114,0.7869826555252075,0.5594224333763123,0.7670835256576538,0.5048810243606567,0.7730172276496887,0.6480088233947754,0.7517096400260925,0.5188878178596497,0.7733262777328491,0.6693686246871948,0.7485256195068359,0.5216873288154602,0.7687204480171204,0.6687953472137451,0.7439538836479187,0.518097460269928,0.7678996324539185,0.661335825920105,0.7439969778060913,0.5185673832893372,0.7740546464920044,0.6452810764312744,0.7785268425941467,0.6444063782691956,0.7862372994422913,0.7706706523895264,0.7825226783752441,0.7645660042762756,0.7971397638320923,0.9004339575767517,0.7906379103660583,0.8778047561645508,0.8045070767402649,0.9221897721290588,0.7991154789924622,0.9005498886108398,0.7678176164627075,0.9199867248535156,0.7607545852661133,0.8881340622901917,0.0
0.7442059516906738,0.44243085384368896,0.745498538017273,0.4287269413471222,0.7459929585456848,0.4278828501701355,0.7464749813079834,0.42690813541412354,0.7458567023277283,0.4286528527736664,0.7466550469398499,0.42781752347946167,0.747520923614502,0.42683181166648865,0.7547474503517151,0.42645108699798584,0.7554757595062256,0.4255729615688324,0.7481902837753296,0.45097047090530396,0.7482550144195557,0.4503723382949829,0.7779410481452942,0.47360870242118835,0.7760664224624634,0.47114667296409607,0.788543164730072,0.5605859160423279,0.769285261631012,0.5054026246070862,0.773059070110321,0.6489271521568298,0.7522162199020386,0.5256521701812744,0.7733977437019348,0.670616865158081,0.7488731145858765,0.5297739505767822,0.7687385678291321,0.6703529953956604,0.7443145513534546,0.5277029275894165,0.7679916620254517,0.6631098389625549,0.7444795966148376,0.5278762578964233,0.7747136354446411,0.6484195590019226,0.7823020219802856,0.6475659608840942,0.7876522541046143,0.7714645862579346,0.7843822240829468,0.7655124068260193,0.7976421117782593,0.901638388633728,0.7918850779533386,0.8803022503852844,0.8047073483467102,0.92413729429245,0.8018535375595093,0.8990388512611389,0.7688421010971069,0.9195255041122437,0.7620354890823364,0.889164924621582,0.0
0.7448942065238953,0.44292929768562317,0.7462788820266724,0.42937347292900085,0.7468242049217224,0.42861315608024597,0.7473757266998291,0.427724152803421,0.7465866804122925,0.429207980632782,0.747394859790802,0.4283962547779083,0.7482768893241882,0.42743417620658875,0.7561923265457153,0.42755767703056335,0.7566120624542236,0.4264015853404999,0.7489334344863892,0.45183753967285156,0.749030351638794,0.45116129517555237,0.779542088508606,0.47416621446609497,0.7773813009262085,0.47144070267677307,0.7907305955886841,0.5609212517738342,0.773513913154602,0.5070663094520569,0.7746509313583374,0.6489341259002686,0.7527680397033691,0.5319591164588928,0.7746089696884155,0.6708625555038452,0.7494443655014038,0.5369534492492676,0.7701663374900818,0.6709265112876892,0.745164692401886,0.5348349213600159,0.7693662643432617,0.6638616919517517,0.7454270124435425,0.5345625877380371,0.7757135629653931,0.6493556499481201,0.7841588258743286,0.6484236717224121,0.7893538475036621,0.7722973227500916,0.7862297892570496,0.7664812207221985,0.7988426089286804,0.9023345708847046,0.7936795949935913,0.8807742595672607,0.8061648607254028,0.9246644973754883,0.8038355708122253,0.8977109789848328,0.7702130079269409,0.9195058345794678,0.7638638019561768,0.8898743987083435,0.0
0.7450150847434998,0.4438938796520233,0.7464054226875305,0.4305032789707184,0.7470008134841919,0.4297493100166321,0.7476150989532471,0.4288521707057953,0.7466368079185486,0.4303523898124695,0.7474218010902405,0.42957064509391785,0.7482765316963196,0.4286465346813202,0.7566884756088257,0.4282630681991577,0.7565661668777466,0.4274308979511261,0.7492814064025879,0.4528365135192871,0.7492893934249878,0.4523147642612457,0.7828094363212585,0.4741182327270508,0.7764281630516052,0.4726372957229614,0.7953487038612366,0.5616024732589722,0.7736610174179077,0.5349587798118591,0.7767928242683411,0.6493222713470459,0.757979154586792,0.5895912051200867,0.7761307954788208,0.6712790727615356,0.754850447177887,0.6033909916877747,0.7717113494873047,0.6710700392723083,0.7506712675094604,0.6028673052787781,0.7709203362464905,0.6640766263008118,0.7517973184585571,0.5980767607688904,0.7807372808456421,0.6495605707168579,0.7838672399520874,0.6484420299530029,0.791473925113678,0.7731956243515015,0.7874822020530701,0.7669003009796143,0.7999244928359985,0.9042402505874634,0.7942433953285217,0.8802638649940491,0.8079310655593872,0.9261054992675781,0.8036468625068665,0.8969898223876953,0.7710213661193848,0.9254649877548218,0.7645675539970398,0.8919406533241272,0.0
0.7454683184623718,0.44542455673217773,0.7466766238212585,0.4322504997253418,0.7472652792930603,0.43153116106987,0.7478705644607544,0.43067872524261475,0.7468595504760742,0.4321056604385376,0.747599720954895,0.43136367201805115,0.7484008073806763,0.4304860234260559,0.756846010684967,0.4298064112663269,0.7565602660179138,0.4290101230144501,0.7498572468757629,0.4540477991104126,0.7497509717941284,0.4535578787326813,0.7837543487548828,0.47578153014183044,0.7751180529594421,0.4757353663444519,0.7968610525131226,0.5625340938568115,0.7736923098564148,0.5542955994606018,0.7786732912063599,0.6496338248252869,0.7694936394691467,0.6340399384498596,0.7775403261184692,0.6718893647193909,0.7668191194534302,0.6597191691398621,0.7732400298118591,0.6714761853218079,0.7659779787063599,0.6569562554359436,0.7725817561149597,0.6645168662071228,0.7661024332046509,0.6492560505867004,0.7834285497665405,0.6533658504486084,0.7838402986526489,0.6515113711357117,0.7927224040031433,0.7744985222816467,0.788051962852478,0.7679772973060608,0.8006300926208496,0.9040622115135193,0.794334888458252,0.8802387118339539,0.808859646320343,0.9259545803070068,0.8036670684814453,0.8968231081962585,0.7720944285392761,0.924801766872406,0.7644003033638,0.892666220664978,0.0
0.7460438013076782,0.44815510511398315,0.7469126582145691,0.43478965759277344,0.7474492192268372,0.4340028464794159,0.7479972243309021,0.43312156200408936,0.7471659183502197,0.4347393810749054,0.7479077577590942,0.4339907765388489,0.7486923336982727,0.43314096331596375,0.7567708492279053,0.43176335096359253,0.7566733956336975,0.43118345737457275,0.7504435777664185,0.456109881401062,0.7504173517227173,0.4556252360343933,0.7834978699684143,0.47768527269363403,0.7751132249832153,0.47667837142944336,0.7965962290763855,0.5640319585800171,0.7735952138900757,0.5488765239715576,0.78006511926651,0.6519150733947754,0.7668660879135132,0.6135088205337524,0.778831958770752,0.6744484305381775,0.7645882368087769,0.6309645175933838,0.7749008536338806,0.6732947826385498,0.7648297548294067,0.6458728313446045,0.774340033531189,0.6664294004440308,0.76242995262146,0.6246324777603149,0.7839529514312744,0.6554886698722839,0.7850633859634399,0.6534874439239502,0.7937366366386414,0.7755048871040344,0.7891979217529297,0.769190788269043,0.8010768890380859,0.904445469379425,0.794958770275116,0.8813104629516602,0.809012770652771,0.9260664582252502,0.80431067943573,0.8964982628822327,0.7726737260818481,0.9241045117378235,0.7651269435882568,0.8936374187469482,0.0
0.7460107803344727,0.44815951585769653,0.7469136714935303,0.4349943995475769,0.7474656701087952,0.43417471647262573,0.7480372190475464,0.433268278837204,0.7471500635147095,0.43510353565216064,0.7478854656219482,0.434427946805954,0.7486683130264282,0.43366357684135437,0.7568837404251099,0.43207451701164246,0.7566519379615784,0.4320322871208191,0.7504819631576538,0.4563307464122772,0.7504520416259766,0.45621365308761597,0.7856873869895935,0.47785189747810364,0.7722563147544861,0.48006904125213623,0.7986176013946533,0.5649957060813904,0.7733741998672485,0.5620236396789551,0.7834637761116028,0.6532678008079529,0.765665590763092,0.6398530602455139,0.781927227973938,0.677226722240448,0.7631704211235046,0.6618330478668213,0.7771581411361694,0.6759307384490967,0.7621031403541565,0.6641608476638794,0.7767099142074585,0.6685311198234558,0.7622645497322083,0.6545064449310303,0.7886760830879211,0.6563855409622192,0.7819873690605164,0.6546745896339417,0.7953652143478394,0.7764585614204407,0.7885544896125793,0.7705795764923096,0.8014435768127441,0.9067357778549194,0.794761598110199,0.8823832869529724,0.8092546463012695,0.9281839728355408,0.8041585087776184,0.8965045809745789,0.7731554508209229,0.9273462295532227,0.7651219367980957,0.8950682282447815,0.0
0.7459903955459595,0.4477001428604126,0.7470152974128723,0.4345647692680359,0.747594952583313,0.4337255358695984,0.7481985092163086,0.4327963590621948,0.7471839189529419,0.4347180426120758,0.7479009032249451,0.4340457022190094,0.7486652731895447,0.43327367305755615,0.7570794820785522,0.4316819906234741,0.7566164135932922,0.43182307481765747,0.7504470944404602,0.45590484142303467,0.7504131197929382,0.4559011459350586,0.7878186702728271,0.47745612263679504,0.7693033814430237,0.48222973942756653,0.8007329702377319,0.5650644898414612,0.7714855074882507,0.5650227069854736,0.787245512008667,0.6546540856361389,0.7645072340965271,0.6470052003860474,0.785709798336029,0.6791686415672302,0.761914074420929,0.6616211533546448,0.7803298234939575,0.6781215071678162,0.7605062127113342,0.6610333919525146,0.7798689603805542,0.6702691912651062,0.7610348463058472,0.6547618508338928,0.791622519493103,0.6557818651199341,0.7806828618049622,0.6547294855117798,0.7964238524436951,0.7763457894325256,0.7881838083267212,0.7722319960594177,0.8016379475593567,0.90753173828125,0.7947121858596802,0.8848827481269836,0.8094962239265442,0.928576648235321,0.8039649724960327,0.8984977602958679,0.7741860747337341,0.9277986884117126,0.7653259038925171,0.8974380493164062,0.0
0.7466955780982971,0.44750407338142395,0.7478116750717163,0.43437641859054565,0.7483760714530945,0.43350541591644287,0.7489573359489441,0.4325440526008606,0.7479638457298279,0.43459513783454895,0.7486578226089478,0.43392083048820496,0.7494032382965088,0.4331407845020294,0.7575863599777222,0.4314725697040558,0.7570831179618835,0.43176591396331787,0.7509597539901733,0.4556487798690796,0.7509725689888,0.4557744264602661,0.7878761291503906,0.47744739055633545,0.769686222076416,0.48313722014427185,0.8016366958618164,0.5668331980705261,0.7710886001586914,0.5686578154563904,0.7886687517166138,0.6592354774475098,0.7638534307479858,0.6454612016677856,0.7869960069656372,0.6815515160560608,0.761245846748352,0.6591613292694092,0.7822966575622559,0.679799497127533,0.7600979804992676,0.6565899848937988,0.782183051109314,0.672202467918396,0.761379599571228,0.6493070125579834,0.7918505072593689,0.6564916968345642,0.7809950709342957,0.6550856232643127,0.7967204451560974,0.776181161403656,0.7889550924301147,0.7720807790756226,0.8014959096908569,0.9071260690689087,0.7947255373001099,0.8844484686851501,0.809414267539978,0.928244411945343,0.8039134740829468,0.8982622027397156,0.7737791538238525,0.9265594482421875,0.7652924060821533,0.8972914218902588,0.0
0.747899055480957,0.4460338354110718,0.7491072416305542,0.4333454966545105,0.7496400475502014,0.43248450756073,0.7502373456954956,0.43151095509529114,0.7492875456809998,0.43359899520874023,0.7499873638153076,0.432916522026062,0.7507082223892212,0.43212926387786865,0.7587326765060425,0.4311755299568176,0.7585183382034302,0.4314451515674591,0.7522544860839844,0.45402657985687256,0.7523687481880188,0.4544384181499481,0.7882629632949829,0.47734105587005615,0.7697373628616333,0.48225632309913635,0.8028659820556641,0.5666114687919617,0.7698661088943481,0.5669490098953247,0.7915655374526978,0.6594145894050598,0.7637536525726318,0.6339196562767029,0.7911363244056702,0.6826469898223877,0.7592965960502625,0.655163586139679,0.7855601906776428,0.6816493272781372,0.7595392465591431,0.6539373993873596,0.7847177386283875,0.6739463210105896,0.760520339012146,0.6481133103370667,0.7930449843406677,0.6561627984046936,0.781011700630188,0.6547338962554932,0.7974209189414978,0.7759525775909424,0.7890118360519409,0.7718090415000916,0.8024071455001831,0.9063243269920349,0.7956414818763733,0.8840308785438538,0.8104907274246216,0.9279612898826599,0.8041003346443176,0.8980010747909546,0.7749307751655579,0.9243574738502502,0.7661107778549194,0.8971923589706421,0.0
0.748881459236145,0.4458736479282379,0.750058650970459,0.43319228291511536,0.7506269812583923,0.43231332302093506,0.751203179359436,0.4313405752182007,0.7502316236495972,0.4333830177783966,0.7509244084358215,0.43266555666923523,0.7516260147094727,0.43184688687324524,0.7598377466201782,0.43105795979499817,0.759647011756897,0.4312022924423218,0.7532800436019897,0.4537890553474426,0.7533977627754211,0.4541734755039215,0.7892102599143982,0.4776677191257477,0.7698310017585754,0.48225462436676025,0.8043496012687683,0.5673546195030212,0.7698199152946472,0.5712308287620544,0.7938060164451599,0.6610954403877258,0.7633860111236572,0.634852945804596,0.7943664789199829,0.6832004189491272,0.7588757276535034,0.656670331954956,0.7888069748878479,0.6820802092552185,0.759290874004364,0.6554040908813477,0.7877684831619263,0.674660861492157,0.7601151466369629,0.6492354273796082,0.7938132286071777,0.6557178497314453,0.7809931039810181,0.6542802453041077,0.7984815239906311,0.7757114171981812,0.7893540263175964,0.7715324759483337,0.8034353256225586,0.9053830504417419,0.7962215542793274,0.8836000561714172,0.8114719390869141,0.9272511005401611,0.8043078184127808,0.8977537155151367,0.7758846282958984,0.9233500957489014,0.7668554782867432,0.8967069983482361,0.0
0.7491732835769653,0.4445522427558899,0.750446081161499,0.43192920088768005,0.7510751485824585,0.4310849905014038,0.751706063747406,0.43013447523117065,0.7505728006362915,0.4320302903652191,0.751263439655304,0.4312918484210968,0.7519598603248596,0.43041813373565674,0.760572075843811,0.4301266670227051,0.7598881125450134,0.42994582653045654,0.7537921667098999,0.45296794176101685,0.753802478313446,0.45311057567596436,0.7916925549507141,0.47787344455718994,0.7682603597640991,0.4818539321422577,0.8054764866828918,0.5679581165313721,0.7680100202560425,0.5662909150123596,0.7974149584770203,0.6629972457885742,0.7623833417892456,0.6321938037872314,0.7979142665863037,0.6849918961524963,0.7576509714126587,0.6551032662391663,0.7926782369613647,0.6838863492012024,0.7582915425300598,0.6541944742202759,0.7916491627693176,0.6762962937355042,0.7599171996116638,0.6474233865737915,0.7957943677902222,0.655366837978363,0.7805947065353394,0.654109537601471,0.7998026609420776,0.7756524682044983,0.7898612022399902,0.7713403105735779,0.804477870464325,0.9035758972167969,0.7977648973464966,0.8828374743461609,0.8121036291122437,0.9257910251617432,0.8053923845291138,0.8947526812553406,0.776534914970398,0.9216606616973877,0.7682762145996094,0.8962822556495667,0.0
0.7499584555625916,0.44352608919143677,0.7511543035507202,0.43085744976997375,0.7517973184585571,0.4300009608268738,0.752414882183075,0.4290139973163605,0.7512027621269226,0.43089666962623596,0.7518430948257446,0.43011534214019775,0.7524740695953369,0.4291685223579407,0.7612534761428833,0.42885053157806396,0.7602226734161377,0.42848074436187744,0.7546792030334473,0.45215970277786255,0.7545432448387146,0.4520774185657501,0.7929124236106873,0.47779691219329834,0.7680602073669434,0.48158714175224304,0.806287407875061,0.5676979422569275,0.7681737542152405,0.5641980767250061,0.8007631301879883,0.6624982953071594,0.7622740864753723,0.6309500336647034,0.8013831973075867,0.6848569512367249,0.7575986385345459,0.6533557772636414,0.7958617806434631,0.6839290261268616,0.7582245469093323,0.6525951027870178,0.7946464419364929,0.6761959195137024,0.7596724629402161,0.6465282440185547,0.7951361536979675,0.6552857756614685,0.7804770469665527,0.6530426740646362,0.8002421259880066,0.7744829654693604,0.7903307676315308,0.7702678442001343,0.8047674298286438,0.9019101858139038,0.7978732585906982,0.8819767236709595,0.8124113082885742,0.9244862198829651,0.8054130673408508,0.8931217193603516,0.7762736678123474,0.9196016788482666,0.7684341669082642,0.8955667614936829,0.0
0.7522129416465759,0.4435255825519562,0.7529554963111877,0.4308600127696991,0.7535998821258545,0.4299956262111664,0.7542049288749695,0.42900219559669495,0.7525943517684937,0.43093812465667725,0.7529999017715454,0.4301550090312958,0.7534381151199341,0.4292030334472656,0.7623525857925415,0.4285263121128082,0.7601248025894165,0.42845356464385986,0.7570401430130005,0.4519274830818176,0.7562879323959351,0.45194578170776367,0.793619692325592,0.47772541642189026,0.7672669887542725,0.4813878834247589,0.8073984384536743,0.5680086612701416,0.7681975960731506,0.5656194686889648,0.8025868535041809,0.6628760695457458,0.7620161175727844,0.6323187947273254,0.8029665946960449,0.68593430519104,0.7573619484901428,0.655807375907898,0.7972594499588013,0.6850427985191345,0.7580454349517822,0.6552102565765381,0.795974612236023,0.6771068572998047,0.759497344493866,0.6488181352615356,0.7951275110244751,0.6556205749511719,0.7804105877876282,0.6530628800392151,0.8003768920898438,0.7744156122207642,0.7909432053565979,0.7701435089111328,0.8045587539672852,0.9016498327255249,0.7979224920272827,0.8818832635879517,0.8122738003730774,0.9240469336509705,0.8059194684028625,0.8929345607757568,0.7760314345359802,0.9193300008773804,0.7688611745834351,0.8953114151954651,0.0
0.7517869472503662,0.4435586631298065,0.7526581883430481,0.43098318576812744,0.7533447742462158,0.43012535572052,0.7540150880813599,0.4291377365589142,0.7523025274276733,0.4310326874256134,0.752733588218689,0.43023625016212463,0.7531994581222534,0.4292742908000946,0.7622753977775574,0.4285510182380676,0.7600242495536804,0.42847922444343567,0.756672203540802,0.4519794285297394,0.7559122443199158,0.45196351408958435,0.7933960556983948,0.4781356155872345,0.7669809460639954,0.48125484585762024,0.8086919784545898,0.5676111578941345,0.7684773206710815,0.5650725960731506,0.8034590482711792,0.6628472208976746,0.7611986398696899,0.6311354637145996,0.8033052682876587,0.6862934231758118,0.7565609216690063,0.654749870300293,0.7976325154304504,0.6854185461997986,0.7574349641799927,0.6542909145355225,0.7965476512908936,0.677491307258606,0.7593021392822266,0.6478308439254761,0.7952364683151245,0.6563886404037476,0.7804141044616699,0.6532288789749146,0.8002885580062866,0.7743270993232727,0.7909920811653137,0.7701442837715149,0.8043817281723022,0.9006252884864807,0.7977809309959412,0.881723165512085,0.8121315240859985,0.9238346219062805,0.806132435798645,0.8926601409912109,0.7759184241294861,0.9191972613334656,0.7687428593635559,0.8950919508934021,0.0
0.7514653205871582,0.4435303807258606,0.7523986101150513,0.4309825003147125,0.7530936002731323,0.4301261007785797,0.7537971138954163,0.42914068698883057,0.7520852088928223,0.43102675676345825,0.7525479197502136,0.4302237629890442,0.7530484795570374,0.4292541742324829,0.7622168660163879,0.42853882908821106,0.7599393129348755,0.4284692704677582,0.7563126087188721,0.45197680592536926,0.7556415796279907,0.4519422650337219,0.7930392026901245,0.47811833024024963,0.7669713497161865,0.48103830218315125,0.8094147443771362,0.56633460521698,0.7694079279899597,0.5649349689483643,0.8044713139533997,0.6627840399742126,0.7608137726783752,0.6307475566864014,0.8048044443130493,0.6867732405662537,0.7561420202255249,0.6541832685470581,0.798926830291748,0.6862863898277283,0.7569341659545898,0.6536756157875061,0.7976582646369934,0.6781399846076965,0.7590303421020508,0.6474640369415283,0.7952359318733215,0.656257152557373,0.7804235219955444,0.6531574130058289,0.8002517819404602,0.7742483019828796,0.7910287380218506,0.7700819373130798,0.8042863011360168,0.9006417989730835,0.7977181673049927,0.8816887140274048,0.8119848370552063,0.9237539768218994,0.8057810664176941,0.892581045627594,0.7756295800209045,0.9189050197601318,0.7679870128631592,0.8949245810508728,0.0
0.7514084577560425,0.44342881441116333,0.7523070573806763,0.4309777021408081,0.7529546022415161,0.4301186800003052,0.7536160349845886,0.42913010716438293,0.751898467540741,0.4310257136821747,0.7522224187850952,0.43022286891937256,0.7525665760040283,0.42925402522087097,0.7620433568954468,0.4284508526325226,0.7592960596084595,0.4284646213054657,0.7561591863632202,0.45192259550094604,0.7554024457931519,0.45192649960517883,0.7928659915924072,0.477782279253006,0.7661269307136536,0.48093482851982117,0.8096264600753784,0.5654229521751404,0.7697645425796509,0.5649484992027283,0.8045207858085632,0.6626074910163879,0.760307252407074,0.6309943795204163,0.8047027587890625,0.6867109537124634,0.7558192014694214,0.654586911201477,0.7987920045852661,0.686222493648529,0.7563391923904419,0.653932511806488,0.797575056552887,0.6780883073806763,0.7585045099258423,0.647646963596344,0.7958197593688965,0.6565715670585632,0.7794713973999023,0.6538031697273254,0.7999873757362366,0.774221658706665,0.7908214926719666,0.770133912563324,0.8042336702346802,0.9006515145301819,0.7968550324440002,0.8815973401069641,0.8119065165519714,0.9236382842063904,0.8044222593307495,0.8922552466392517,0.775558590888977,0.9190032482147217,0.7672023773193359,0.8947380185127258,0.0
0.7512504458427429,0.4434274435043335,0.7521508932113647,0.4310588836669922,0.7528038024902344,0.4301989674568176,0.7535122036933899,0.4292168915271759,0.7517984509468079,0.43111494183540344,0.7519692182540894,0.4303123354911804,0.7521456480026245,0.4293566644191742,0.7620503306388855,0.42844057083129883,0.7585582137107849,0.42851123213768005,0.7559596300125122,0.4519195556640625,0.7552720308303833,0.4519234895706177,0.7931801676750183,0.4776926338672638,0.764564037322998,0.4808576703071594,0.8096195459365845,0.5649283528327942,0.7693697214126587,0.5647463798522949,0.804588794708252,0.6624417901039124,0.7593006491661072,0.6305739879608154,0.8046040534973145,0.6866958141326904,0.7552076578140259,0.654042661190033,0.7985445261001587,0.6861441135406494,0.7556362152099609,0.6534385085105896,0.7973439693450928,0.6779208779335022,0.7577357888221741,0.6471884250640869,0.7963778376579285,0.656499981880188,0.7788124084472656,0.6537619233131409,0.7998007535934448,0.7741197943687439,0.7906183004379272,0.7701000571250916,0.8038302659988403,0.8998327851295471,0.7960561513900757,0.8815702795982361,0.8116942644119263,0.9231857657432556,0.8027461767196655,0.8920581936836243,0.774925708770752,0.9190064072608948,0.7661808133125305,0.8946371078491211,0.0
0.751075029373169,0.442895770072937,0.7520758509635925,0.43079519271850586,0.7527661323547363,0.4298844635486603,0.753425657749176,0.4288647472858429,0.7513055801391602,0.4309677183628082,0.7513020038604736,0.43019047379493713,0.7512935400009155,0.4292721748352051,0.7620030641555786,0.427822083234787,0.7571156024932861,0.4284282922744751,0.7559031844139099,0.4507032632827759,0.7546159029006958,0.45110300183296204,0.7929576635360718,0.4759675860404968,0.7630285620689392,0.4809625446796417,0.8095159530639648,0.5638407468795776,0.7685197591781616,0.5644617676734924,0.804188072681427,0.6623453497886658,0.7583239674568176,0.6308545470237732,0.8039522171020508,0.686555027961731,0.7545491456985474,0.6543142795562744,0.7979423999786377,0.6859514713287354,0.754926323890686,0.6534759998321533,0.7968026995658875,0.6777635812759399,0.7569578289985657,0.6473541855812073,0.7962714433670044,0.6564063429832458,0.7779397964477539,0.6537945866584778,0.7993068695068359,0.7740926742553711,0.7898415327072144,0.77008056640625,0.8026084899902344,0.8984869122505188,0.7938938140869141,0.8796688318252563,0.8108533620834351,0.9218477606773376,0.7997161149978638,0.8909780979156494,0.7733147144317627,0.9186105728149414,0.7638474702835083,0.8940580487251282,0.0
0.7502209544181824,0.4421268403530121,0.7515255212783813,0.430132120847702,0.7523242235183716,0.42919909954071045,0.7531001567840576,0.42816540598869324,0.7505643367767334,0.4303140938282013,0.7505635619163513,0.42953240871429443,0.7505737543106079,0.4286263585090637,0.7616366744041443,0.4270757734775543,0.7565887570381165,0.42787590622901917,0.7550979256629944,0.4499133229255676,0.7535998821258545,0.4504072070121765,0.7928272485733032,0.47419852018356323,0.7624012231826782,0.4810638129711151,0.8098114728927612,0.5621955394744873,0.7684808969497681,0.5668836832046509,0.8036662936210632,0.6622565984725952,0.7580295205116272,0.6324537992477417,0.8035291433334351,0.6864472031593323,0.7541897892951965,0.6561605930328369,0.7974418997764587,0.6858256459236145,0.7543858289718628,0.6554639339447021,0.7962766885757446,0.6776328682899475,0.7564996480941772,0.6490013003349304,0.7961957454681396,0.6561635136604309,0.7771660685539246,0.6537490487098694,0.7990783452987671,0.7740616202354431,0.7890313863754272,0.7700252532958984,0.802018940448761,0.8975481390953064,0.7928449511528015,0.879133403301239,0.8099835515022278,0.9206766486167908,0.7987712025642395,0.8903868198394775,0.7732412815093994,0.9184866547584534,0.7626981735229492,0.8939403891563416,0.0
0.7489815950393677,0.4408527612686157,0.7505329251289368,0.42864754796028137,0.7513509392738342,0.42769086360931396,0.7521852850914001,0.42664459347724915,0.7497210502624512,0.42884892225265503,0.7498422861099243,0.4280659854412079,0.7499849200248718,0.4271838963031769,0.7610243558883667,0.4257779121398926,0.7564336061477661,0.4266655743122101,0.7537672519683838,0.4488285183906555,0.752534031867981,0.44943398237228394,0.7927785515785217,0.47221681475639343,0.7624293565750122,0.4813070595264435,0.8100350499153137,0.5600020289421082,0.767939567565918,0.5667625069618225,0.8031929135322571,0.6614630222320557,0.7578874826431274,0.632344663143158,0.803027331829071,0.6859039664268494,0.7541307210922241,0.6558610796928406,0.7969950437545776,0.6851752400398254,0.7542766332626343,0.6552029252052307,0.7958523035049438,0.6768972277641296,0.7563923597335815,0.6487465500831604,0.7963882088661194,0.6554877161979675,0.7769991159439087,0.6535937190055847,0.799060046672821,0.7738906741142273,0.7887147665023804,0.7700121402740479,0.8017910122871399,0.897251307964325,0.7929109930992126,0.8795101642608643,0.8096591830253601,0.9199901223182678,0.7990063428878784,0.8904237747192383,0.7729230523109436,0.9172073006629944,0.7628965973854065,0.8938936591148376,0.0
